0001,Celia,Ortega
0002,Gracie,Madden
0003,Gabrielle,Abbott
0004,Moses,Rose
0005,Andrea,Duarte
0006,Brennen,Sanders
0007,Valentina,Mckay
0008,Deborah,Clements
0009,Aryanna,Bartlett
0010,Bobby,Mccann
0011,Elise,Walls
0012,Joslyn,Bates
0013,Casey,Mora
0014,Malakai,House
0015,Alexzander,Maldonado
0016,Sheldon,Mcgee
0017,Wayne,Mcintosh
0018,Mylee,Moore
0019,Sidney,Bryan
0020,Noelle,Farrell
0021,Jocelynn,Diaz
0022,Madilynn,Brewer
0023,Carla,Mccarty
0024,Saige,Cuevas
0025,Anna,Hopkins
0026,Fernando,Hicks
0027,Mylee,Serrano
0028,Emilee,Berry
0029,Mckayla,Camacho
0030,Madeline,Malone
0031,Marlie,Chambers
0032,Braden,Cox
0033,Dakota,Welch
0034,Cristina,Bentley
0035,Jaylah,Moon
0036,Yosef,Hurley
0037,Katie,Garner
0038,Alyson,Nelson
0039,Danna,Ford
0040,Scarlett,Ross
0041,Wayne,Burke
0042,Blaze,Chen
0043,Amira,Hoover
0044,Ireland,Sawyer
0045,Salma,Owens
0046,Rosemary,Curtis
0047,Lesly,Fields
0048,Myla,Davis
0049,Adonis,Underwood
0050,Hana,Hurley
0051,Michael,Marsh
0052,Eugene,Stone
0053,Ashly,Myers
0054,Samir,Mullins
0055,Lily,Pittman
0056,Taniyah,White
0057,Alina,Henderson
0058,Phillip,Burnett
0059,Zayne,Wilkins
0060,Drake,Henson
0061,Nasir,Hensley
0062,Rory,Leblanc
0063,Bruno,Wilcox
0064,Rebekah,Snow
0065,Sarah,Shepard
0066,Priscilla,Moon
0067,June,Woods
0068,Jasiah,Donaldson
0069,Caiden,Howard
0070,Daisy,Dunn
0071,Elsa,Key
0072,Declan,Wheeler
0073,Crystal,Nash
0074,Tony,Hodges
0075,Tanya,Mcintosh
0076,Raven,Cordova
0077,Kevin,Holder
0078,Grant,Pham
0079,Fisher,Williams
0080,Spencer,Erickson
0081,Jacob,Vargas
0082,Madilyn,Knox
0083,Jameson,Sosa
0084,Semaj,Gonzales
0085,Deven,Byrd
0086,Lisa,Haley
0087,Zoie,Sanchez
0088,Luke,Kerr
0089,Trevin,Frank
0090,Beckham,Solis
0091,Warren,Allen
0092,Jesse,Sanford
0093,Eli,Shannon
0094,Jovani,Tucker
0095,Diego,Novak
0096,Aldo,Flores
0097,Zaire,Dean
0098,Alice,Beck
0099,Ryann,Dudley
0100,Damon,Ayers
0101,Samuel,Townsend
0102,Jazmine,Beck
0103,Cassius,Baxter
0104,Yael,Ferrell
0105,Lilyana,Colon
0106,Hector,Mcintyre
0107,Kade,Clay
0108,Caiden,Bryan
0109,Roman,Huff
0110,Maximillian,Wilson
0111,Anahi,Weiss
0112,Jon,Stafford
0113,Sarahi,Mcdowell
0114,Clark,Ayala
0115,Tess,Boyd
0116,Alina,Galvan
0117,Lucy,Sims
0118,Karlee,Ramirez
0119,Jordan,Williamson
0120,Ronnie,Day
0121,Cullen,Joyce
0122,Aleah,Mccullough
0123,Macie,Harvey
0124,Dalia,Wright
0125,Anya,Matthews
0126,Layla,Myers
0127,Leandro,Novak
0128,Olive,York
0129,Alyson,Blair
0130,Titus,Ryan
0131,Miah,Knapp
0132,Pamela,Carpenter
0133,Carsen,Marsh
0134,Jovanni,Chaney
0135,Brett,Chang
0136,Sammy,Cameron
0137,Pablo,Beltran
0138,Sanaa,Campbell
0139,Emma,Holder
0140,Davis,Foley
0141,Alvin,Lewis
0142,Stephen,Boyle
0143,Savion,Sutton
0144,Sharon,Huerta
0145,Sylvia,Guzman
0146,Kaiya,Richmond
0147,Lyric,Roman
0148,Andy,Potts
0149,Cherish,Frye
0150,Angel,Wade
0151,Koen,Cantu
0152,Jaqueline,Andrews
0153,Gia,Santana
0154,Ty,Griffith
0155,Michelle,Barry
0156,Gemma,Hernandez
0157,Alexandria,Houston
0158,Dax,Chaney
0159,Kyra,Mckay
0160,Callie,Farley
0161,Amira,Bailey
0162,Jakob,Cardenas
0163,Hadley,Durham
0164,Jaiden,Wiggins
0165,Noah,Foster
0166,Nikhil,Sanders
0167,Ashlynn,Arnold
0168,Fernanda,Mathis
0169,Kyler,Atkinson
0170,Brady,Hull
0171,Malia,Oneal
0172,Elliot,Cole
0173,Kali,Roberts
0174,Mathew,Esparza
0175,Agustin,Campbell
0176,Mason,Gonzales
0177,Emery,Roberson
0178,Ryleigh,Mooney
0179,Monica,Tate
0180,Pierce,Hughes
0181,Leila,Holland
0182,Madeline,Key
0183,Allison,Harrell
0184,Braxton,Rice
0185,Thomas,Floyd
0186,Aisha,Edwards
0187,Sawyer,Mills
0188,Augustus,Crawford
0189,Angelo,Davenport
0190,Ibrahim,Haynes
0191,Livia,Cox
0192,Giselle,Williamson
0193,Harper,Carney
0194,Emery,Long
0195,Haylee,Singh
0196,Kallie,Phillips
0197,Kale,Snow
0198,Ayaan,Novak
0199,Josue,Hinton
0200,Grace,Hayden
0201,Isaac,Sparks
0202,Damaris,Cordova
0203,Addisyn,Maddox
0204,Cortez,Bullock
0205,Elisha,Daniels
0206,Savion,Bolton
0207,Yair,Bautista
0208,Stephany,Reese
0209,Campbell,Savage
0210,Elisa,Cannon
0211,Kymani,Gibson
0212,Gabriella,Mack
0213,Clare,Wood
0214,Marcel,Garcia
0215,Barbara,Haney
0216,Heaven,Herring
0217,Neveah,French
0218,Davion,Shea
0219,Tianna,Carpenter
0220,Stephanie,Valenzuela
0221,Hallie,Andersen
0222,Braydon,Cervantes
0223,Cullen,Foley
0224,Amare,Montes
0225,Harley,Mercado
0226,Cesar,Mcconnell
0227,Eliana,Santiago
0228,William,Garrison
0229,Evelyn,Kemp
0230,Marcos,Oneill
0231,Brody,Skinner
0232,Emerson,Vasquez
0233,Gabrielle,Barnes
0234,Kali,Short
0235,Cael,Santiago
0236,Tia,English
0237,Mariana,Michael
0238,Kendal,Graham
0239,Cali,George
0240,Draven,Clayton
0241,Derick,Cervantes
0242,Dylan,Bates
0243,Rylie,Atkinson
0244,Reese,Kerr
0245,Xander,Duncan
0246,Israel,Frost
0247,Mohammad,Vasquez
0248,Dulce,Sandoval
0249,Neil,Benitez
0250,Jaylah,Lara
0251,Tess,Cobb
0252,Jaden,Hale
0253,Johnathon,Velasquez
0254,Clare,Norris
0255,Avery,Nolan
0256,Kayleigh,Bush
0257,Aidan,Hooper
0258,Kayden,Acevedo
0259,Johnathon,Ware
0260,Anastasia,Goodman
0261,Reese,Mata
0262,Allie,York
0263,Alexis,Russo
0264,Liliana,Sullivan
0265,Erika,Dunlap
0266,Devin,Bond
0267,Tyree,Rowland
0268,Abel,Ewing
0269,Laurel,Foster
0270,Ulises,Norton
0271,Seamus,Arellano
0272,Estrella,Zavala
0273,Colby,Pope
0274,Rigoberto,Hancock
0275,Annabelle,Martinez
0276,Logan,Vargas
0277,Andrew,Williams
0278,Justin,Parrish
0279,Vance,Conner
0280,Matthew,Berry
0281,Draven,Briggs
0282,Rafael,Haynes
0283,Muhammad,Zhang
0284,Cameron,Dunlap
0285,Hudson,Yates
0286,Connor,Arellano
0287,Avery,Brennan
0288,Kathleen,Lozano
0289,Penelope,Wang
0290,Terry,Zimmerman
0291,Deacon,Rhodes
0292,Kathy,Mcfarland
0293,Van,Cervantes
0294,Clinton,Archer
0295,Bruce,Jensen
0296,Adrien,Frost
0297,Nataly,Wood
0298,Paige,Howe
0299,Beckett,Odom
0300,Monica,Cervantes
0301,Colin,Flowers
0302,Roland,Levy
0303,Monique,Oconnell
0304,Ari,Armstrong
0305,Olivia,Mayer
0306,Alivia,Estes
0307,Darius,Castro
0308,Nathalia,Erickson
0309,Meredith,Quinn
0310,Marcos,Davidson
0311,Ayanna,Mullen
0312,Wilson,Bolton
0313,Tori,Dunlap
0314,Stephany,Hess
0315,Roger,Franklin
0316,Riley,Vance
0317,Willie,Stokes
0318,Geovanni,Hammond
0319,Laylah,Richardson
0320,Reed,Carr
0321,Elliott,Cooper
0322,Aydan,Cohen
0323,Claire,Vance
0324,Santiago,Buchanan
0325,Darnell,Good
0326,Terrence,Townsend
0327,Lizbeth,Terrell
0328,Gael,Weber
0329,Kimora,Farley
0330,River,Dominguez
0331,Malcolm,Cain
0332,Conor,Rivas
0333,Carla,Lopez
0334,Eleanor,Ferguson
0335,Felipe,Watts
0336,Deven,Waters
0337,Cayden,Davidson
0338,Carmelo,Patterson
0339,Jaylan,Holloway
0340,Kenley,Pierce
0341,Waylon,Williamson
0342,Van,Harmon
0343,Amirah,Beck
0344,Zain,Pruitt
0345,Luca,Hines
0346,Lucas,Long
0347,August,Sutton
0348,Marcelo,Conner
0349,Katherine,Robertson
0350,Alisa,Byrd
0351,Ralph,Pacheco
0352,Amanda,Mckee
0353,Trevin,Beck
0354,Kamren,Thompson
0355,Damien,Todd
0356,Madyson,Deleon
0357,Cloe,Bishop
0358,Andres,Medina
0359,Elena,Wall
0360,Tristian,Hayden
0361,Cristian,Wiggins
0362,Violet,Duncan
0363,Justice,Hanna
0364,Clare,Mason
0365,Tabitha,Le
0366,Diego,Garrison
0367,Darren,Boone
0368,Krystal,Wilkerson
0369,Jase,Pratt
0370,Bentley,Mitchell
0371,Angelique,Miller
0372,Odin,Reyes
0373,River,Haley
0374,Kiera,Cherry
0375,Ivy,Fernandez
0376,Drew,Sawyer
0377,Taylor,King
0378,Parker,Burton
0379,Izayah,Kelley
0380,Lindsey,Hopkins
0381,Ashanti,Oconnell
0382,Jase,Mclaughlin
0383,Cale,Li
0384,Ray,Griffin
0385,Judith,Glenn
0386,Rogelio,Mcconnell
0387,Bryant,Santiago
0388,Judith,Johnson
0389,Kailey,Leblanc
0390,Matthew,Williamson
0391,Christine,Holland
0392,Francesca,Watson
0393,Danny,Simpson
0394,Karley,Gallegos
0395,Monica,Rosales
0396,Taylor,Bradshaw
0397,Kamden,English
0398,Abigail,Leblanc
0399,Clara,Knight
0400,Elvis,Cannon
0401,Callum,Sweeney
0402,Ann,Leblanc
0403,Keyla,Shelton
0404,Shawn,Hawkins
0405,Anabella,Vance
0406,Zechariah,Cabrera
0407,Damon,Bernard
0408,Keegan,Novak
0409,Sergio,Travis
0410,Greyson,Chapman
0411,Mathias,Bennett
0412,Cynthia,Roman
0413,Charlee,Everett
0414,Houston,Vargas
0415,Hadley,Jackson
0416,Urijah,Everett
0417,Neil,Craig
0418,Santiago,Ballard
0419,Konner,Burch
0420,Ariel,Gould
0421,Peyton,Newman
0422,Demetrius,Decker
0423,Caitlin,Skinner
0424,Jaylon,Young
0425,Abbey,Flynn
0426,Carmen,Gregory
0427,Eve,Alexander
0428,Jerry,Oneal
0429,Yusuf,Cantu
0430,Zaid,Henry
0431,Christopher,Vazquez
0432,Jane,Jacobson
0433,Makayla,Terry
0434,Aylin,Vaughn
0435,Tania,Thomas
0436,Hallie,Ferrell
0437,Matthias,Maddox
0438,Lewis,Gallagher
0439,Zachary,Skinner
0440,Perla,Salas
0441,Yareli,Fitzgerald
0442,Addison,Nolan
0443,Corey,Gilbert
0444,Camilla,Cervantes
0445,Jovanny,Montoya
0446,Davian,Cline
0447,Finn,Clarke
0448,Warren,Schaefer
0449,Lina,Ferguson
0450,Diego,Harper
0451,Kelsey,Huang
0452,Jake,Reilly
0453,Rachael,Reid
0454,Camron,Vance
0455,Jaime,Trujillo
0456,Arianna,Vance
0457,Zachary,Barker
0458,Laila,Manning
0459,Rigoberto,Lin
0460,Armando,Beck
0461,Noe,Bradshaw
0462,Geovanni,Stephenson
0463,Adison,Ortiz
0464,Rashad,Sampson
0465,Salma,Mckenzie
0466,Travis,Berg
0467,Shayna,Rivas
0468,Gaige,Benjamin
0469,Brayden,Bright
0470,Jaiden,Maynard
0471,Kayden,Jensen
0472,Hunter,Mcdowell
0473,Quinn,Coleman
0474,Konnor,Whitehead
0475,Lily,Sutton
0476,Frida,Leblanc
0477,Paxton,Rhodes
0478,Dalton,Levy
0479,Enrique,Cunningham
0480,Victoria,Hendricks
0481,Eleanor,Church
0482,Hadley,Galvan
0483,King,Lang
0484,Roy,Ward
0485,Joy,Wong
0486,Mariana,Hahn
0487,Sydney,Orr
0488,Gerald,Gordon
0489,Rebecca,Fox
0490,Taylor,Curry
0491,Blaze,Townsend
0492,Alvaro,Velasquez
0493,Marshall,Patterson
0494,Keaton,Bender
0495,Gilbert,Foster
0496,Mckenna,Newman
0497,Milo,Fritz
0498,Autumn,Jennings
0499,Izayah,Trujillo
0500,Nigel,Lane
0501,Ashlynn,Golden
0502,Lennon,Hammond
0503,Aaliyah,Cruz
0504,Rishi,Riley
0505,Braiden,Murphy
0506,Allen,Pollard
0507,Dominik,Terry
0508,Gabriela,Cardenas
0509,Kaylynn,Levy
0510,Amira,Peterson
0511,Nathanael,Solis
0512,Leo,Johnston
0513,Jane,Quinn
0514,Brenden,Parrish
0515,Kaeden,Tucker
0516,Mercedes,Miles
0517,Miguel,Walton
0518,Trevor,Stevenson
0519,Alexandria,Booker
0520,Cade,Lindsey
0521,Jessie,Fletcher
0522,Keyon,Skinner
0523,Vincent,Cardenas
0524,Kaylynn,Murray
0525,Terrence,Graham
0526,Madisyn,Anderson
0527,Hezekiah,Frazier
0528,Sofia,Dyer
0529,Heidi,Curry
0530,Braylen,Mcbride
0531,Orion,Bautista
0532,Alec,Pace
0533,Ayden,Watts
0534,Luna,Stokes
0535,Deacon,Ayala
0536,Jayden,Velazquez
0537,Gustavo,Barron
0538,Jason,Gross
0539,Kirsten,Mcclure
0540,Rhett,Potter
0541,Aleah,Baldwin
0542,Tyler,Archer
0543,Azaria,Crosby
0544,Gauge,Strong
0545,Jagger,Mosley
0546,Haley,Henry
0547,Skylar,Lopez
0548,Augustus,Maldonado
0549,Carmen,Downs
0550,Amelia,Martin
0551,Hamza,Lewis
0552,Leslie,Knapp
0553,Reese,Cochran
0554,Maia,Adkins
0555,Addisyn,Cochran
0556,Haleigh,Vance
0557,Coby,Goodwin
0558,Sherlyn,Proctor
0559,Ayana,Steele
0560,Danny,Berger
0561,Emelia,Reese
0562,Magdalena,Lara
0563,Karissa,Young
0564,Rachel,Whitney
0565,Maci,Yu
0566,Mara,Ali
0567,Ayanna,Mathews
0568,Tanya,Sweeney
0569,Emilia,Mccarty
0570,Braeden,Houston
0571,Marco,Lindsey
0572,Yaritza,Wells
0573,Cristian,Mcconnell
0574,Leanna,Jacobson
0575,Omari,Arias
0576,Jonah,Bolton
0577,Heaven,Dougherty
0578,Rolando,James
0579,Ariana,Huffman
0580,Clarence,Gutierrez
0581,Zaria,Osborne
0582,Bradyn,Simpson
0583,Zaire,Estrada
0584,Tyrese,Perez
0585,Avah,Gutierrez
0586,Jaylen,Hendricks
0587,Kylie,Dougherty
0588,Bobby,Collier
0589,Duncan,Mahoney
0590,Kaley,Serrano
0591,Cassandra,Dorsey
0592,Camden,Wallace
0593,Paisley,Rice
0594,Zion,Huffman
0595,Dax,Edwards
0596,Audrina,Jacobson
0597,Carissa,Proctor
0598,Addison,Morris
0599,Janet,Heath
0600,Jamar,Nichols
0601,Leah,Floyd
0602,Luciano,Glover
0603,Hillary,Lucas
0604,Tori,Hubbard
0605,Bradyn,Crawford
0606,Mireya,Mcfarland
0607,Alan,Ramirez
0608,Aisha,Stevens
0609,Tristian,Salinas
0610,Calvin,Meyer
0611,Santos,Garrison
0612,Simon,Mullins
0613,Allisson,Sanford
0614,Ashley,Higgins
0615,Celia,Bryant
0616,Gisselle,Powers
0617,Alvaro,Wilcox
0618,Adrien,Beltran
0619,Melany,Kaufman
0620,Elsie,Lowe
0621,Wade,Klein
0622,Brennen,Harrison
0623,Payton,Gaines
0624,Laney,Hinton
0625,Noe,Campbell
0626,Trace,Harrington
0627,Sterling,Cruz
0628,Nehemiah,Lambert
0629,Evie,Reese
0630,Malachi,Krause
0631,Londyn,Brock
0632,Ayanna,Montgomery
0633,Larissa,Dixon
0634,Cael,Frederick
0635,Titus,Nguyen
0636,Gabriela,Hinton
0637,Aria,Malone
0638,Arnav,Dunlap
0639,Jasiah,Vargas
0640,Bianca,Holt
0641,Koen,Gregory
0642,Harmony,Ewing
0643,Yazmin,Manning
0644,Aron,Saunders
0645,Dania,Parsons
0646,Clare,Tanner
0647,Gracie,Dixon
0648,Brianna,Estes
0649,Damarion,Mccoy
0650,Angelo,Sutton
0651,Kasey,Waller
0652,Malakai,Tyler
0653,Leonardo,Holden
0654,Amari,Sloan
0655,Dylan,Rollins
0656,Jeramiah,Watts
0657,Madeleine,Cordova
0658,Kadence,Herman
0659,Harper,Wagner
0660,Jefferson,Riggs
0661,Roderick,Cisneros
0662,Bria,Friedman
0663,Rachael,Rose
0664,Davin,Wilson
0665,Maritza,Brady
0666,Clark,York
0667,Mariana,Berger
0668,Tyrese,Holden
0669,Javion,Mcintosh
0670,Albert,Black
0671,Izaiah,Bradley
0672,Harold,Vincent
0673,Shiloh,Salazar
0674,Daniella,Aguilar
0675,Branden,Mcfarland
0676,Jovany,Griffin
0677,Alex,Powers
0678,Duncan,Morgan
0679,Omar,Anderson
0680,Zayden,Hanson
0681,Mina,Simon
0682,Lee,Neal
0683,Stephany,Huynh
0684,Sienna,Griffin
0685,Cory,Villanueva
0686,Frances,Fischer
0687,Martha,Bowman
0688,Ross,Holloway
0689,Carleigh,Escobar
0690,Alexandra,Christensen
0691,Jaydan,Rosario
0692,Blaine,Avila
0693,Marques,Burch
0694,Amy,Barker
0695,Casey,Knapp
0696,Alissa,Leblanc
0697,Kristin,Cowan
0698,Albert,Tanner
0699,Mira,Mason
0700,Anahi,Randolph
0701,Bernard,Snow
0702,Zechariah,Zavala
0703,Desmond,Stevenson
0704,Cassandra,Wall
0705,Jayla,Macdonald
0706,Linda,Lyons
0707,Linda,Reeves
0708,Elisabeth,Fleming
0709,Royce,Horton
0710,Xzavier,Hooper
0711,Jacquelyn,Salas
0712,Lara,Murphy
0713,Enzo,Keith
0714,Cale,King
0715,Alaina,Moyer
0716,Angie,Jones
0717,Mila,Macdonald
0718,Muhammad,Davies
0719,Kenzie,Bradley
0720,Alayna,Romero
0721,Linda,Potter
0722,Reese,Mcgrath
0723,Kenneth,Hubbard
0724,Karsyn,Bullock
0725,Edwin,Hill
0726,Marlie,Fox
0727,Jay,Mercado
0728,Colton,Merritt
0729,Kristopher,Barajas
0730,Kael,Velazquez
0731,Alice,White
0732,Layton,Boyer
0733,Miles,Carpenter
0734,Johanna,Lucas
0735,Sidney,Klein
0736,Kelsey,Barnett
0737,Diana,Wiggins
0738,Linda,Johnston
0739,Makayla,Haas
0740,Brady,Turner
0741,Alfredo,Stephenson
0742,Jadyn,Simpson
0743,Taryn,Fitzgerald
0744,Janelle,Mathews
0745,Payton,Sandoval
0746,Lilyana,Salas
0747,Jax,Hays
0748,Adalyn,Decker
0749,Kadin,Galloway
0750,Marlene,Chavez
0751,Reece,Hoover
0752,Moshe,Brock
0753,Emilie,Bauer
0754,Myah,Barajas
0755,Rayan,Allison
0756,Rowan,Booth
0757,Colt,Benson
0758,Leandro,Simmons
0759,Keenan,Mcbride
0760,Adrien,Morrison
0761,Tripp,Delgado
0762,Giovanny,Austin
0763,Katherine,Mayo
0764,Emilie,Vang
0765,Damion,Camacho
0766,Shannon,Alvarez
0767,Averie,Patrick
0768,Paris,Hurley
0769,Sawyer,Acevedo
0770,Mauricio,Graham
0771,Demarcus,Romero
0772,Derick,Mccormick
0773,Nikhil,Acevedo
0774,Manuel,Mckinney
0775,Chanel,Buckley
0776,Lara,Weeks
0777,Leslie,Mcintosh
0778,Denzel,Hendricks
0779,Octavio,Arnold
0780,Hunter,Walker
0781,Angelina,Browning
0782,Adriana,Downs
0783,Sonia,Christian
0784,Norah,Moyer
0785,Ahmed,Mays
0786,Amanda,Glover
0787,Isla,Bruce
0788,Gordon,Pineda
0789,Giselle,Weber
0790,Danica,Palmer
0791,Lane,Everett
0792,Abdiel,Hale
0793,Dahlia,Petersen
0794,Dereon,Hoffman
0795,Case,Ho
0796,Mckinley,Hull
0797,Callie,Macdonald
0798,Alden,Holmes
0799,Nataly,Steele
0800,Nathaniel,Clay
0801,Hillary,Harrington
0802,Jaden,Shea
0803,Alexa,Garcia
0804,Giovani,Solomon
0805,Will,Pearson
0806,Derrick,Blackburn
0807,Savion,Woodward
0808,Bethany,Brooks
0809,Adeline,Conley
0810,Braiden,Mathews
0811,Gianna,Estes
0812,Steve,Wade
0813,Nasir,Cantu
0814,Kamren,Hatfield
0815,Tori,Wheeler
0816,Mariela,Juarez
0817,Regina,Short
0818,Abel,Bishop
0819,Davis,Morrison
0820,Dakota,Foley
0821,Kassidy,Pugh
0822,Jakayla,Santiago
0823,Finn,Palmer
0824,Lyla,Hays
0825,Aryanna,Reed
0826,Wade,Hughes
0827,Tiara,Armstrong
0828,Yael,Jones
0829,Yusuf,Morrison
0830,Damaris,May
0831,London,Ashley
0832,Jeramiah,Mendoza
0833,Roberto,Harmon
0834,Alani,Benitez
0835,Marlon,Medina
0836,Jason,Parker
0837,Jamar,Hunter
0838,Peyton,Gould
0839,Yadira,Sherman
0840,Lorena,Oliver
0841,Marcus,Conner
0842,Trystan,Vaughan
0843,Jack,Conner
0844,Kevin,Bass
0845,Uriah,Mahoney
0846,Adam,Higgins
0847,Makenna,Stevenson
0848,Dayton,Pugh
0849,Kaitlynn,Blake
0850,Marlon,Nichols
0851,Zechariah,Raymond
0852,Hayden,Pearson
0853,Jaslene,Blackburn
0854,Hamza,Wang
0855,Tori,Frye
0856,Saige,Adams
0857,Marc,Skinner
0858,Makayla,Barr
0859,Lina,Reese
0860,Gabriella,Gibson
0861,Julio,Patrick
0862,Meadow,Church
0863,Dayanara,Bowman
0864,Ruben,Kent
0865,Azul,Yang
0866,Jade,Robinson
0867,Abril,Ortega
0868,Davin,Ewing
0869,Finnegan,Woodard
0870,Sasha,Wolfe
0871,Jaylon,Little
0872,Madyson,Castaneda
0873,Norah,Cox
0874,Zaniyah,Houston
0875,Breanna,Bolton
0876,Jayson,Contreras
0877,Billy,Shields
0878,Dereon,Duncan
0879,Nicole,Spence
0880,Moses,Shepherd
0881,Rowan,Barnett
0882,Gabrielle,Juarez
0883,Joel,Sutton
0884,Aidan,Drake
0885,Cecelia,Moody
0886,Marvin,Lawrence
0887,Essence,Mason
0888,Axel,Willis
0889,Jagger,Salinas
0890,Dax,Sexton
0891,Brycen,Travis
0892,Hailey,Kennedy
0893,Nicole,Campos
0894,Jacquelyn,Palmer
0895,Kamora,Riddle
0896,Erin,Le
0897,Cora,Jackson
0898,Pranav,George
0899,Kathy,Pena
0900,Zion,Dalton
0901,Kale,Patterson
0902,Donavan,Compton
0903,Kenyon,Barrera
0904,Aubrey,Mata
0905,Briley,Harrington
0906,Jaxson,Day
0907,Hana,Mathews
0908,Billy,Charles
0909,Isaac,Savage
0910,Abbie,Sparks
0911,Alessandro,Hall
0912,Karina,Melendez
0913,Jesse,Gibson
0914,George,Parsons
0915,Cameron,Duffy
0916,Armani,Benitez
0917,Esteban,Irwin
0918,Matias,Webster
0919,Averi,Walker
0920,Magdalena,Harding
0921,Kane,Pineda
0922,Ronin,Andrews
0923,Malia,Orr
0924,Delilah,Mathews
0925,Semaj,Wang
0926,Frederick,Kelly
0927,Rayne,Lucero
0928,Baylee,Glass
0929,Alvaro,Cherry
0930,Malik,Schmitt
0931,Zack,Sweeney
0932,Autumn,Todd
0933,Miguel,Stephenson
0934,Claudia,Osborne
0935,Layla,Wilkinson
0936,Lila,Fields
0937,Isla,Calhoun
0938,Josue,Atkinson
0939,Adrian,Boone
0940,Diamond,Walker
0941,Jaiden,Arellano
0942,Emmett,Horne
0943,Salvador,Fuentes
0944,Aden,Richard
0945,Connor,Stark
0946,Kelly,Ponce
0947,Krista,Burton
0948,Kendall,Edwards
0949,Yurem,Chapman
0950,Ezekiel,Montes
0951,Alec,Mendez
0952,Jordyn,Cooper
0953,Lilian,Jackson
0954,Matteo,Blackburn
0955,Dania,Wolfe
0956,Micaela,Fisher
0957,Margaret,Mcgrath
0958,Joey,Caldwell
0959,Julio,Acosta
0960,Hazel,Henson
0961,Ernest,Mayer
0962,Makai,Gaines
0963,Marshall,Russo
0964,Quinten,House
0965,Pranav,Campos
0966,Jordin,Weaver
0967,Ashlyn,Nixon
0968,Kash,Horne
0969,Gianni,Christian
0970,Jasiah,Fitzpatrick
0971,Kathy,Terry
0972,Roy,Hess
0973,Zaid,Graves
0974,Humberto,Bowman
0975,Adrianna,Brooks
0976,Rodrigo,Odonnell
0977,Ricky,Nelson
0978,Izaiah,Watts
0979,Amirah,Rivers
0980,Aaliyah,Hartman
0981,Luis,Wong
0982,Alyson,Farmer
0983,Shayla,Miles
0984,Danna,Dougherty
0985,Selah,Flowers
0986,Malakai,Atkins
0987,Yesenia,Davis
0988,Luz,Bird
0989,Kamron,Brandt
0990,Gemma,Ellison
0991,Aedan,Rivas
0992,Keegan,May
0993,Wesley,Hutchinson
0994,Aubree,Chase
0995,Markus,Mclean
0996,Roman,Armstrong
0997,Ana,Olsen
0998,Jaqueline,Lewis
0999,Shyanne,Murillo
1000,Damaris,Baldwin
1001,Jaylyn,Baldwin
1002,Kaitlynn,Luna
1003,Kasey,Perkins
1004,Lindsay,Hutchinson
1005,Jaelynn,Jimenez
1006,Damien,Hill
1007,Julianne,Bradley
1008,Eleanor,Osborn
1009,Marc,Golden
1010,Sterling,Best
1011,Garrett,Gates
1012,Zaria,Mccoy
1013,Karlee,Powell
1014,Moshe,Edwards
1015,Amari,Fischer
1016,Louis,Dougherty
1017,Katherine,Velasquez
1018,Krista,Mcclain
1019,Jayson,Irwin
1020,Bentley,Vance
1021,Maxim,Hale
1022,Branden,Chen
1023,Olive,Vance
1024,Bronson,Baxter
1025,Kiersten,Banks
1026,Adonis,Duke
1027,Eden,Russo
1028,Arnav,Hardin
1029,Maverick,Mann
1030,Chanel,Ward
1031,Terry,Stanley
1032,Caitlyn,Brandt
1033,Gabrielle,Dixon
1034,Xiomara,Mckay
1035,Brooklynn,Christian
1036,Iliana,Martinez
1037,Dax,Todd
1038,Elizabeth,Baxter
1039,Damien,Burch
1040,Yaretzi,Dudley
1041,India,Mcgrath
1042,Hayden,Clarke
1043,Leandro,Pacheco
1044,Dangelo,Carr
1045,Trystan,Camacho
1046,Darwin,Underwood
1047,Albert,Le
1048,Griffin,Aguirre
1049,Aiyana,Roberts
1050,Kobe,Jimenez
1051,Destinee,Stone
1052,Brian,Gonzalez
1053,Maximus,Powell
1054,Erik,Ibarra
1055,Max,Moses
1056,Virginia,Brown
1057,Jayleen,Dawson
1058,Terry,Brock
1059,Angelica,Tate
1060,Amani,Garrett
1061,Lisa,Crawford
1062,Marely,Browning
1063,Maribel,Whitney
1064,Raven,Silva
1065,Natalya,Buck
1066,Amare,Barry
1067,Bobby,Mcclure
1068,Payton,Nichols
1069,Adrienne,Nunez
1070,Jayson,Shepherd
1071,Wade,Sweeney
1072,Cheyenne,Marquez
1073,Alyson,Merritt
1074,Jair,Raymond
1075,Tessa,Guerrero
1076,Emmett,Burns
1077,Christian,Moreno
1078,Daniela,Soto
1079,Ryleigh,Schaefer
1080,Brice,Richards
1081,Ulises,Bean
1082,Elias,Tucker
1083,Jordan,Soto
1084,Selina,Tucker
1085,Damaris,Schaefer
1086,Willie,Baker
1087,Julissa,Molina
1088,Courtney,Jefferson
1089,Markus,Rangel
1090,Eliezer,Woodward
1091,Jeramiah,Bonilla
1092,Nevaeh,Wilson
1093,Marcel,Buck
1094,Sean,Waters
1095,Mariana,Henderson
1096,Nataly,Rangel
1097,Albert,Mejia
1098,Salvador,Chase
1099,Iyana,Hull
1100,Kaeden,Sullivan
1101,Stacy,Gomez
1102,Santos,Best
1103,Iris,Herring
1104,Ayla,Compton
1105,Darnell,Young
1106,Adrien,Rivers
1107,Esperanza,Thornton
1108,Caitlin,White
1109,Trinity,Mathews
1110,Nathalie,Lam
1111,Titus,Flores
1112,Elaina,Berry
1113,Dallas,Fry
1114,Iris,Maldonado
1115,Jeffrey,Hunt
1116,Selina,Hatfield
1117,Courtney,Thompson
1118,Andy,Stanton
1119,Paisley,Randall
1120,Evelin,Bean
1121,Matilda,Ball
1122,Reina,Brock
1123,Charlize,Montes
1124,Lindsay,Gonzales
1125,Pranav,Hale
1126,Lana,Reed
1127,Rosemary,Blanchard
1128,Mayra,Mccarthy
1129,Scarlett,Harris
1130,Finnegan,Solomon
1131,Antoine,Powell
1132,Lindsay,Vance
1133,Taniya,Galvan
1134,Elisha,Daniel
1135,Hanna,Morales
1136,Wyatt,Kemp
1137,Chloe,Mccarty
1138,Macey,Prince
1139,Tiana,Bautista
1140,Scarlett,Grant
1141,Joy,Willis
1142,Beau,King
1143,Karter,Valentine
1144,Davin,Barry
1145,Nataly,Dunlap
1146,Erik,Watts
1147,Isabel,Zavala
1148,Emerson,Schmitt
1149,Aubrey,Beasley
1150,Cason,Stevenson
1151,Terrance,Moreno
1152,Meadow,Pollard
1153,Isabel,Jackson
1154,Baron,Zhang
1155,Bailey,Acosta
1156,Jaylen,Fitzpatrick
1157,Kyleigh,Everett
1158,Rolando,Lindsey
1159,Gael,Murphy
1160,Kayla,Booth
1161,Anthony,Cortez
1162,Karina,Carey
1163,Brynn,Glenn
1164,Muhammad,Compton
1165,Cadence,Mcmillan
1166,Kamden,Long
1167,Haley,Cunningham
1168,Adriel,Daugherty
1169,Cheyanne,Mcmillan
1170,Kaylin,Bates
1171,Wesley,Vega
1172,Joey,Sparks
1173,Carolyn,Randolph
1174,Alden,Ross
1175,Raphael,Yoder
1176,Dahlia,Meza
1177,Houston,Bruce
1178,Sariah,Hendrix
1179,Aden,Stuart
1180,Ethen,Jackson
1181,Devyn,Stevenson
1182,Jazmin,Cowan
1183,Lara,Garner
1184,Kayleigh,Kaufman
1185,Jair,Tate
1186,Nia,Payne
1187,Corinne,Guerrero
1188,Nylah,Evans
1189,Kadyn,Kramer
1190,Erik,Orr
1191,Karly,Savage
1192,Braylon,Bauer
1193,Charles,Hendrix
1194,Reece,Tanner
1195,Saige,Cortez
1196,Crystal,Hoover
1197,Taylor,Hall
1198,Aaron,Craig
1199,Sherlyn,French
1200,Nia,Knapp
1201,Kayleigh,Marshall
1202,Alden,Yu
1203,Nola,Nguyen
1204,Brice,Vasquez
1205,Terrence,Lambert
1206,Xzavier,Cantu
1207,Maximo,Christensen
1208,Israel,Jackson
1209,Finley,Ballard
1210,Anastasia,Doyle
1211,Kaden,Walker
1212,Colin,Hale
1213,America,Brock
1214,Lindsey,Moses
1215,Hallie,Kane
1216,Devon,Richardson
1217,Luciana,Hines
1218,Jace,Duran
1219,Alaina,Warner
1220,Frederick,Buck
1221,Renee,Watson
1222,Zaiden,Rocha
1223,Heaven,Nielsen
1224,Gloria,Chandler
1225,Willie,Marks
1226,June,Church
1227,Emmett,Martinez
1228,Tate,Kent
1229,Cherish,Poole
1230,Matthias,Long
1231,Demetrius,Manning
1232,Taylor,Weeks
1233,Mateo,Escobar
1234,Luca,Farley
1235,Ryan,Rowe
1236,Ishaan,Barton
1237,Mariela,Obrien
1238,Eliana,Pratt
1239,Asher,Zhang
1240,Oscar,Pennington
1241,Niko,Huerta
1242,Katie,Freeman
1243,Micheal,Moon
1244,Dominick,Schwartz
1245,Lucas,Werner
1246,Thaddeus,Spears
1247,Angelo,Leonard
1248,Rosa,Boyer
1249,Perla,Spencer
1250,Hailey,Holden
1251,Ahmad,Collier
1252,Ellis,Wade
1253,Luz,Ponce
1254,Harry,Buckley
1255,Jakobe,Pollard
1256,Serena,Foster
1257,Nicholas,Rios
1258,Cheyanne,Yoder
1259,William,Melton
1260,Dean,Warren
1261,Jaelyn,Gutierrez
1262,Riley,Fitzgerald
1263,Breanna,Barajas
1264,Barrett,Preston
1265,German,Erickson
1266,Hezekiah,Forbes
1267,Beckett,Allison
1268,Andre,Wang
1269,Alfonso,Harrington
1270,Yaritza,Pena
1271,Brooklynn,Brandt
1272,Jade,Lin
1273,Yazmin,Lamb
1274,Frances,Walsh
1275,Jason,Mora
1276,Danica,Mullen
1277,Londyn,Mayer
1278,Beckett,Chan
1279,Mekhi,Haas
1280,Davian,Frederick
1281,Raul,Montes
1282,Ellie,Chaney
1283,Irene,Gray
1284,Reginald,Merritt
1285,Aaliyah,Finley
1286,Bella,Levine
1287,Stacy,Reese
1288,Jermaine,Ochoa
1289,Luis,Hayden
1290,Royce,Bennett
1291,Maeve,Schwartz
1292,Victoria,Johnston
1293,Grace,Hanson
1294,Miguel,Gaines
1295,Harmony,Stephenson
1296,Shaylee,Bowers
1297,Kennedy,Villanueva
1298,Emmanuel,Villa
1299,Wade,Hall
1300,Geovanni,Hayden
1301,Hugo,Garrison
1302,Talia,Flynn
1303,Rylee,Bryan
1304,Jagger,French
1305,Kyan,Landry
1306,Alfredo,Dodson
1307,Keon,Gomez
1308,Kenley,Beard
1309,Alejandra,Townsend
1310,Alicia,Case
1311,Lukas,Cline
1312,Taryn,Cervantes
1313,Carleigh,Oneill
1314,Benjamin,Cuevas
1315,Ricardo,Patel
1316,Annabella,Aguilar
1317,Shelby,Benjamin
1318,Marley,Yu
1319,Deja,Chan
1320,Chloe,Herman
1321,Madelyn,Russo
1322,Julien,Jenkins
1323,Charlize,Chang
1324,Nataly,Buck
1325,Owen,Blair
1326,Jude,Myers
1327,Adison,Hood
1328,Spencer,Mccann
1329,Alina,Wilson
1330,Katelyn,Odonnell
1331,Miah,Doyle
1332,Kendal,Moon
1333,Jaxon,Wilcox
1334,Abbie,Richardson
1335,Ariel,Beck
1336,Alexander,Patton
1337,Jaelynn,Mccall
1338,Isla,Herrera
1339,Aliya,Roberts
1340,James,Nolan
1341,Isaac,Wheeler
1342,Kaitlin,Mcfarland
1343,Thomas,Reyes
1344,Lance,Tran
1345,Catherine,Farley
1346,Jovanny,Acevedo
1347,Gregory,Villanueva
1348,Kyleigh,Kent
1349,Alessandro,Leblanc
1350,Agustin,Hampton
1351,Camron,Waters
1352,Layne,Lara
1353,Kash,Barrett
1354,Addison,Haney
1355,Sydnee,Sampson
1356,Raegan,English
1357,Ishaan,Mcmahon
1358,Jamar,Serrano
1359,Edwin,Clarke
1360,Kaleigh,Beck
1361,Carissa,Maxwell
1362,Quinten,Pollard
1363,Valentino,Adams
1364,Jennifer,Tyler
1365,Esteban,Crawford
1366,Brycen,Rice
1367,Kenny,Frye
1368,Dante,Bowers
1369,Valerie,Tucker
1370,Peyton,Horn
1371,Sydney,Chavez
1372,Jaydon,Kirk
1373,Adelyn,Wood
1374,Rogelio,Haynes
1375,Audrey,Callahan
1376,Daniella,Munoz
1377,Jameson,Browning
1378,Bo,Morrow
1379,Ashleigh,Cain
1380,Macey,Knox
1381,Dominique,Mcintosh
1382,Juliet,Olsen
1383,Ahmed,George
1384,Weston,Eaton
1385,Maximus,Houston
1386,Jovany,Everett
1387,Jakob,Frey
1388,Hailie,Little
1389,Rodolfo,Turner
1390,Katherine,Gillespie
1391,Denise,Glass
1392,Kyle,Johnston
1393,Slade,Liu
1394,Silas,Contreras
1395,Carleigh,Washington
1396,Damian,Gilmore
1397,Jamir,Gutierrez
1398,Sophie,Best
1399,Odin,Whitehead
1400,Frankie,Levine
1401,Kody,Adams
1402,Terrell,Chaney
1403,Sabrina,Jackson
1404,Alejandra,Green
1405,Kadence,Chase
1406,Pedro,Crane
1407,Kate,Mcguire
1408,Dexter,Holt
1409,Bo,Thornton
1410,Izabelle,Sawyer
1411,Jaden,Meyers
1412,Yuliana,Lyons
1413,Clarissa,Rasmussen
1414,Elisa,Atkins
1415,Leticia,Wolf
1416,Jabari,House
1417,Riya,Glass
1418,Miles,Mccarthy
1419,Izabelle,Juarez
1420,Nora,Berry
1421,Selina,Wilkerson
1422,Iris,Yoder
1423,Brenna,Hutchinson
1424,Randall,Mckee
1425,Pablo,Brady
1426,Mohammed,Decker
1427,Davion,Kramer
1428,Mila,Patterson
1429,Darien,Edwards
1430,Alanna,Estrada
1431,Gunnar,Simmons
1432,Franklin,Hensley
1433,Adyson,Baird
1434,Andrew,Leonard
1435,Nigel,Barnett
1436,Ingrid,Dominguez
1437,Chad,French
1438,Jacob,Doyle
1439,Alonso,Mcneil
1440,Donald,Cordova
1441,Kinsley,Pacheco
1442,Mason,Patel
1443,Norah,Powell
1444,Christina,Holloway
1445,Giovanna,Cabrera
1446,Gaven,Patton
1447,Jaylen,Landry
1448,Eliana,Choi
1449,Tori,Serrano
1450,Theresa,Dalton
1451,Davin,Dunlap
1452,Ronan,Dickson
1453,Simone,Hurley
1454,Kadence,Gross
1455,Jakob,Ali
1456,Hazel,Morrison
1457,Kamren,Yoder
1458,Fabian,Landry
1459,Laura,Andrade
1460,Brenden,Nixon
1461,Jessie,Soto
1462,Emily,Chaney
1463,Shania,Bush
1464,Jessie,Horne
1465,Ty,Dixon
1466,Priscilla,Jarvis
1467,Liliana,Bennett
1468,Kristian,Reid
1469,Lucy,Duke
1470,Devin,Griffin
1471,Franco,Todd
1472,Antony,Davila
1473,Joseph,Mcclain
1474,Monserrat,Hammond
1475,Joshua,Farley
1476,Dominique,Rivers
1477,Luz,Neal
1478,Ivy,Barnett
1479,Maximillian,David
1480,Santino,Brandt
1481,Reese,West
1482,Aaron,Cruz
1483,Raven,Roach
1484,Calvin,Richardson
1485,Princess,Copeland
1486,Aracely,Fischer
1487,Dorian,Flores
1488,Kassidy,Stokes
1489,Eve,Solomon
1490,August,Andersen
1491,Kayley,Moss
1492,Emerson,Holt
1493,Aubrie,Mathews
1494,Wyatt,Burch
1495,Elena,Terry
1496,Micaela,Proctor
1497,Beatrice,Leblanc
1498,Kylan,Ford
1499,Gilbert,Peterson
1500,Kaydence,Burgess
1501,Jabari,Benson
1502,Clayton,Odom
1503,Jalen,Coffey
1504,Derrick,Morris
1505,Roselyn,Padilla
1506,Giovanna,Hebert
1507,Rylie,Yates
1508,Messiah,Nielsen
1509,Brennan,Mcdowell
1510,Bridger,Ayers
1511,Sasha,Morales
1512,Peyton,Doyle
1513,Coleman,Stout
1514,Patricia,Espinoza
1515,Sawyer,Giles
1516,Gustavo,Haley
1517,Patricia,Odom
1518,Davian,Oconnell
1519,Haylie,Ibarra
1520,Jamya,Tyler
1521,Leslie,Horn
1522,Nickolas,Pennington
1523,Lilianna,Lynch
1524,Areli,Stanton
1525,Tia,Mckinney
1526,Greyson,Gallagher
1527,Gabriela,Glenn
1528,Gretchen,Shaffer
1529,Darwin,Mcneil
1530,Jared,Grimes
1531,Mckayla,Melendez
1532,Jorge,Fischer
1533,Chad,Davila
1534,Eden,Quinn
1535,Tanner,Pollard
1536,Damion,Beasley
1537,Madalyn,George
1538,Jaylene,Rangel
1539,Raelynn,Hudson
1540,Conrad,Ingram
1541,Alanna,Rice
1542,Chad,Mejia
1543,Francisco,Joseph
1544,Laila,Wolf
1545,Alicia,Shepherd
1546,Kael,Klein
1547,Meadow,Barrera
1548,Tristian,Wolf
1549,Alexander,Conley
1550,Dominik,Dickerson
1551,Osvaldo,Dunlap
1552,Janae,Tapia
1553,Pamela,Rosales
1554,John,Ray
1555,Sierra,Foley
1556,Ezra,Gill
1557,Chace,Baldwin
1558,Laura,Ellison
1559,Jay,Cox
1560,Donte,Gonzales
1561,Elsa,Miles
1562,Beau,Willis
1563,Izaiah,Kirby
1564,Cherish,Deleon
1565,Hayden,Moyer
1566,Issac,Gonzalez
1567,Elisabeth,Miranda
1568,Reed,Clements
1569,Emmalee,Walsh
1570,Mateo,Wilcox
1571,Emily,Ramos
1572,Harrison,Kline
1573,Wesley,Mccormick
1574,Sariah,Mills
1575,Jude,Petersen
1576,Bridger,Reynolds
1577,Mason,Carter
1578,Amaya,Griffith
1579,Franklin,Hoover
1580,Terrence,French
1581,Isabelle,Small
1582,Julissa,Winters
1583,Jordin,Wagner
1584,Colt,Spears
1585,Tatum,Conley
1586,Amy,Baxter
1587,Shyla,Krause
1588,Nicole,Mercado
1589,Pierre,Stanley
1590,Iris,Phillips
1591,Zaria,Grant
1592,Byron,Huff
1593,Claudia,Good
1594,Damian,Sweeney
1595,Sonia,Ibarra
1596,Lewis,Fisher
1597,Malia,Scott
1598,Maurice,Hodges
1599,Brenna,Melendez
1600,Bryant,Pacheco
1601,Uriel,Miranda
1602,Taniya,Roberson
1603,Eve,Welch
1604,Tobias,Bishop
1605,Mikaela,Barber
1606,Ari,Gibbs
1607,Mariam,Daugherty
1608,Ivan,Horne
1609,Landin,Oconnell
1610,Johnathon,Morgan
1611,Macy,Wilkinson
1612,Billy,Holder
1613,Kaeden,Cunningham
1614,Keyon,Warren
1615,Devyn,Sanders
1616,Kendrick,Blackwell
1617,Nola,Dickerson
1618,Teagan,Fowler
1619,Catalina,Morrow
1620,Bronson,Cain
1621,Kasen,Hubbard
1622,Camren,Hendricks
1623,Reilly,Frazier
1624,Yuliana,Quinn
1625,Nelson,Ayala
1626,Brenna,Carroll
1627,Santiago,Parsons
1628,Santiago,Nelson
1629,Ronald,Christian
1630,Jazmine,Chase
1631,Alec,Carter
1632,Esteban,Chapman
1633,Madelynn,Blankenship
1634,Kale,Duarte
1635,Jaydin,Clarke
1636,Hezekiah,Dalton
1637,Neil,Mathis
1638,Bronson,Dillon
1639,Camille,Roach
1640,Yadiel,Davenport
1641,Roberto,Whitehead
1642,Laylah,Ramsey
1643,Pedro,Tate
1644,Morgan,Rios
1645,Liberty,Dudley
1646,Charlie,Sosa
1647,Ean,Lawrence
1648,Amya,Greene
1649,Kaylah,Cole
1650,Monica,Carrillo
1651,Kolton,Clements
1652,Ellie,Armstrong
1653,Phoenix,Brennan
1654,Lainey,Rivers
1655,David,Hardin
1656,Cason,Moses
1657,Trent,Cox
1658,Graham,Walsh
1659,Dominik,Le
1660,Destiney,Moreno
1661,Noelle,Schmitt
1662,Dale,Franco
1663,Giovanna,Lang
1664,Jagger,Cain
1665,Annabella,Carpenter
1666,Zayne,Moses
1667,Marshall,Macdonald
1668,Skyler,Cohen
1669,Tony,Wang
1670,Leah,Pitts
1671,Clayton,Ortiz
1672,Zain,Barton
1673,Donavan,Henderson
1674,Miah,Merritt
1675,Cassie,Velazquez
1676,Soren,Cameron
1677,Adrienne,Barrera
1678,Ahmed,Woodard
1679,Alexis,Serrano
1680,Izayah,Aguirre
1681,Noelle,Clayton
1682,Elena,Hoover
1683,Alice,Nelson
1684,Ross,Maxwell
1685,Connor,Mueller
1686,Damon,Shields
1687,Lydia,Rodriguez
1688,Nasir,Collier
1689,Naomi,Spencer
1690,Ariana,Mathis
1691,Yasmin,Benton
1692,London,Johnston
1693,Makenzie,Townsend
1694,Charlee,Odom
1695,Emerson,Mcdonald
1696,Paul,Mathews
1697,Claire,Freeman
1698,Alonzo,Guerra
1699,Rachel,Mckee
1700,Kendra,Hess
1701,Elena,Pittman
1702,Jose,Jimenez
1703,Natasha,Lynn
1704,Kamden,Callahan
1705,Jaliyah,Palmer
1706,Monserrat,Hopkins
1707,Milton,May
1708,Brent,Sweeney
1709,Shayla,Arellano
1710,Olive,Bryan
1711,Brooke,Kemp
1712,Chana,Long
1713,Noel,Pace
1714,Lilliana,Mueller
1715,Karina,Pruitt
1716,Daniella,Terrell
1717,Santiago,Simmons
1718,Aria,Lutz
1719,Arabella,Walsh
1720,Damon,Deleon
1721,Audrina,Livingston
1722,Julianna,Hays
1723,Omar,Morgan
1724,Rhys,Flynn
1725,Braedon,Grimes
1726,Jewel,Valencia
1727,Marc,Carpenter
1728,Cristina,Haas
1729,Sharon,Baker
1730,Brent,Michael
1731,Rowan,Howard
1732,Messiah,Watts
1733,Matteo,Acevedo
1734,Ruby,Lam
1735,Hana,Baker
1736,Ramon,Simmons
1737,Alden,Parrish
1738,Alexandra,Whitehead
1739,Janessa,Huffman
1740,Alivia,Ellison
1741,Jordyn,Spears
1742,Collin,Vazquez
1743,Seamus,Freeman
1744,Jaelynn,Moody
1745,Kamryn,Roth
1746,Kyla,Mckenzie
1747,Nico,Wolfe
1748,Bentley,Hubbard
1749,Calvin,Daniel
1750,Jaycee,Shields
1751,Quinn,Pugh
1752,Jaxon,Cherry
1753,Madisyn,Conway
1754,Caylee,Mcgee
1755,Marin,Mathews
1756,Jaylyn,Montes
1757,Enrique,Cabrera
1758,Enzo,Bowers
1759,Londyn,Sweeney
1760,Camron,Velazquez
1761,Rogelio,Juarez
1762,Nehemiah,Mcfarland
1763,Weston,Hebert
1764,Alejandra,Paul
1765,Hanna,Salazar
1766,Kallie,Becker
1767,Zoie,Macdonald
1768,Darian,House
1769,Ashanti,Herrera
1770,Tyrell,Juarez
1771,Alena,Galloway
1772,Kole,Lee
1773,Alissa,Cantrell
1774,Aylin,Colon
1775,Davis,Greer
1776,Mariela,Woodard
1777,Aden,Chan
1778,Ricardo,Palmer
1779,Ximena,Santos
1780,April,Randall
1781,Micah,Park
1782,Emiliano,Dyer
1783,Natalie,Yang
1784,Braylon,Vang
1785,Tamia,Blair
1786,Hugh,Gallegos
1787,Skyler,Snow
1788,Marquise,Small
1789,Skylar,Santos
1790,Xzavier,Beck
1791,Chris,Schneider
1792,Kaleigh,Jones
1793,Felipe,Ramsey
1794,Belen,Joseph
1795,Zaid,Frey
1796,Cristina,Griffin
1797,Mollie,Howard
1798,Malia,Cantu
1799,Aidan,Mcmahon
1800,Jaslyn,Barr
1801,George,Cochran
1802,Phoebe,Banks
1803,Marques,Barnett
1804,Cara,Mathis
1805,Amare,Bush
1806,Killian,Estes
1807,Avery,Gray
1808,Joaquin,Barker
1809,Jenny,Murphy
1810,Mike,Patrick
1811,Skylar,Mcmahon
1812,Elsa,Trujillo
1813,Alejandro,Forbes
1814,Kenyon,Richard
1815,Samson,Sherman
1816,Liam,Dawson
1817,Miya,Bentley
1818,Brittany,Shepherd
1819,Landen,Gomez
1820,Landon,Ramirez
1821,Joe,Kane
1822,Bryanna,Johnson
1823,Alayna,Wiggins
1824,Roman,Edwards
1825,Nicolas,Christian
1826,Corbin,Phillips
1827,Valentino,Rollins
1828,Ariana,Daugherty
1829,Tatum,Hickman
1830,Adrian,Ewing
1831,Kendra,Perry
1832,Vance,Roberts
1833,Anabelle,Bruce
1834,Ross,Johnson
1835,Adriel,Haley
1836,Jake,Barnes
1837,Gordon,Riddle
1838,Franco,Berry
1839,Haley,Stokes
1840,Helen,Valentine
1841,Nola,Perez
1842,Emmett,Hester
1843,Raelynn,Hancock
1844,Donald,Browning
1845,Eduardo,Santana
1846,Kayden,Sanchez
1847,Isaias,Winters
1848,Nicholas,Ross
1849,Ellie,Brady
1850,Cason,Chen
1851,Ari,Zuniga
1852,Braden,Blevins
1853,Brycen,Conrad
1854,Alexis,Velasquez
1855,Raiden,Noble
1856,Aryana,Martin
1857,Sasha,Schmidt
1858,Cristopher,Wagner
1859,Christopher,Griffith
1860,Travis,Munoz
1861,Jon,Hutchinson
1862,Camilla,Franco
1863,Marcelo,Dodson
1864,Teagan,Gallagher
1865,Eden,Odonnell
1866,Cesar,Park
1867,Linda,Douglas
1868,Caroline,Chen
1869,Skylar,Tapia
1870,Litzy,Hernandez
1871,Dorian,Gonzalez
1872,Desmond,Bullock
1873,Adyson,Bartlett
1874,Tristan,Mckinney
1875,Dakota,Porter
1876,Leanna,Roman
1877,Amani,Pugh
1878,Killian,Huang
1879,Kaiden,Bradford
1880,Adonis,Valentine
1881,Karley,David
1882,Brayan,Guerra
1883,Santos,Downs
1884,Luna,Ho
1885,Marvin,Haynes
1886,Dante,Gay
1887,Princess,Summers
1888,Trystan,Miller
1889,Adriana,Hines
1890,Oliver,Bean
1891,Yaritza,Proctor
1892,Kamden,Nichols
1893,Oscar,Escobar
1894,Callum,Crawford
1895,Jaliyah,Parsons
1896,Jamir,Austin
1897,Karsyn,Schaefer
1898,Andre,Dunlap
1899,Saul,Sharp
1900,Mario,Delgado
1901,Billy,Mcintosh
1902,Kiley,Benjamin
1903,Lucia,Mckee
1904,Averi,Pennington
1905,Cael,Singleton
1906,Ashlynn,Foster
1907,Keith,Wilson
1908,Angel,Cantu
1909,Bryce,Bird
1910,Terrance,Pugh
1911,Reynaldo,Gardner
1912,Cayden,Nash
1913,Jaiden,Obrien
1914,Jayden,Smith
1915,Eduardo,Morris
1916,Boston,Haney
1917,Dane,Lee
1918,Jesus,Gilmore
1919,Cynthia,Greer
1920,Valentin,Franklin
1921,Ansley,Robinson
1922,Maddox,Waller
1923,Enzo,Freeman
1924,Izabella,Colon
1925,Viviana,Peck
1926,Josue,Garza
1927,Jean,Strong
1928,Emmett,Harvey
1929,Alijah,Robles
1930,Paloma,Velasquez
1931,Antony,Young
1932,Vanessa,Bridges
1933,Jewel,Turner
1934,Coby,Holder
1935,Skyler,Kennedy
1936,Brent,Reed
1937,Joseph,Walter
1938,Douglas,Johnston
1939,Demarion,Marshall
1940,Michelle,Mcknight
1941,Zaniyah,Carlson
1942,Tanner,Pierce
1943,Teagan,Compton
1944,Kate,Hawkins
1945,Vanessa,Colon
1946,Molly,Schmidt
1947,Joey,Monroe
1948,Hudson,Holloway
1949,Dante,Strong
1950,James,Rhodes
1951,Sonny,Dickerson
1952,Cole,Mcconnell
1953,Isabell,Perkins
1954,Derek,Nolan
1955,Giada,Callahan
1956,Nehemiah,Fox
1957,Katie,Mcgee
1958,Alannah,Bentley
1959,Cara,Brooks
1960,Leonel,Jordan
1961,River,Atkinson
1962,Zachery,Robles
1963,Jaylin,Patrick
1964,Avery,Rich
1965,Layla,Lambert
1966,Rashad,Bowen
1967,Genesis,Neal
1968,Micah,Barron
1969,Yadira,Krause
1970,Nathanial,Sullivan
1971,Jasper,Swanson
1972,Bria,Hamilton
1973,Caylee,Clements
1974,Semaj,Rhodes
1975,Margaret,Atkins
1976,Heath,Thornton
1977,Valerie,Paul
1978,Katherine,Wade
1979,Colten,Ashley
1980,Lara,Hancock
1981,Ricardo,Marsh
1982,Jovani,Suarez
1983,Rhianna,Rodgers
1984,Lindsay,Rich
1985,Dakota,Espinoza
1986,Alyvia,Boyle
1987,Allison,Atkinson
1988,Orlando,Grant
1989,Reed,Washington
1990,Jude,Massey
1991,Jayvion,Rivera
1992,Alonso,Cardenas
1993,Ashton,Wong
1994,Annabel,Robles
1995,Camryn,Schneider
1996,Hunter,Kelley
1997,Clare,Owens
1998,Kailee,Wall
1999,Darnell,Dalton
2000,Haley,Ortiz
2001,Jocelyn,Walsh
2002,Marisa,Bowers
2003,Malakai,Calderon
2004,Pranav,Kelly
2005,Gabriella,Joyce
2006,Kaylie,Vaughan
2007,Arely,Peck
2008,Guadalupe,Chaney
2009,Laura,Cummings
2010,Jaden,Dickerson
2011,Dayana,Haney
2012,Isabelle,Wright
2013,Addison,Robinson
2014,Reed,Smith
2015,Laila,Patton
2016,Hadley,Jenkins
2017,Janelle,Shaffer
2018,Azaria,Tyler
2019,Miley,Watson
2020,Destiney,Roth
2021,Aspen,Boyer
2022,Arianna,Washington
2023,Miah,Burch
2024,Keegan,Medina
2025,Sherlyn,Orr
2026,Gabrielle,Fitzpatrick
2027,Erick,Chaney
2028,Maximillian,Mendez
2029,Averie,Ramos
2030,Jaylene,Avery
2031,Grace,Conley
2032,Alexia,Travis
2033,Jayda,Melton
2034,Emerson,Bauer
2035,Liberty,Banks
2036,Joseph,Kelley
2037,Destiney,Hays
2038,Alessandro,Peters
2039,Macy,Mcintyre
2040,Ashleigh,Michael
2041,Jaron,Jones
2042,Christian,Whitney
2043,Janelle,Rowland
2044,Gauge,Vazquez
2045,Savanna,Fernandez
2046,Diya,Benitez
2047,Chance,Irwin
2048,Miracle,Luna
2049,Shirley,Logan
2050,Ronnie,Castillo
2051,Shane,Stark
2052,Alexis,Lutz
2053,Dulce,Mccarty
2054,Reina,Ramos
2055,Kai,Moody
2056,Seamus,Clayton
2057,Santino,Harrell
2058,Taylor,Christian
2059,Winston,Parrish
2060,Beau,Fuller
2061,Romeo,Goodwin
2062,Ellen,Richard
2063,Milagros,Davies
2064,Janet,Hale
2065,Elyse,Kidd
2066,Hassan,Bolton
2067,Jamal,Mullins
2068,Kaelyn,Allen
2069,Crystal,Oliver
2070,Spencer,Macdonald
2071,Dale,Ball
2072,Bruno,Hood
2073,Clarence,Richard
2074,Anya,Berger
2075,Braiden,Monroe
2076,Jarrett,Bauer
2077,Alexa,Meyer
2078,Sage,Calhoun
2079,Jasmin,Olsen
2080,Cortez,Schroeder
2081,Braylon,Walters
2082,Broderick,Newton
2083,Kamari,Matthews
2084,Martin,Lopez
2085,Efrain,Gibson
2086,Kameron,Robinson
2087,Carley,Reynolds
2088,Alisha,Fox
2089,Terrance,Padilla
2090,Tristin,Snyder
2091,Kaylen,Stephenson
2092,Zander,Maldonado
2093,Gideon,Mack
2094,Isaias,Murillo
2095,Presley,Pearson
2096,Valentino,Mosley
2097,Daisy,Lang
2098,Annabelle,Mclaughlin
2099,Lucian,Winters
2100,Eric,Wright
2101,Maryjane,Huang
2102,Dulce,Oneill
2103,Jenna,Lewis
2104,Corey,Braun
2105,Reid,Nixon
2106,Nathaniel,Rocha
2107,Marc,Hunter
2108,Cade,Gallagher
2109,Annika,Santiago
2110,Clayton,Richard
2111,Carl,Ritter
2112,Charlize,Bowen
2113,Frederick,Vasquez
2114,Summer,Parrish
2115,Jovani,Acevedo
2116,Camden,Cunningham
2117,Baron,Andersen
2118,Brogan,Fields
2119,Kira,Martinez
2120,Aron,Rosales
2121,Robert,Choi
2122,Elisabeth,Sawyer
2123,Alexandra,Herman
2124,Darwin,Porter
2125,Eddie,Faulkner
2126,Quintin,Newman
2127,Randall,Maynard
2128,Anastasia,Tate
2129,Cade,Macdonald
2130,Rowan,Choi
2131,Malcolm,Page
2132,Alexzander,Montgomery
2133,Kianna,Jordan
2134,Elsie,Black
2135,Amara,Schneider
2136,Willow,Flynn
2137,Ireland,Fitzpatrick
2138,Lorelei,Mcmillan
2139,Meghan,Maynard
2140,Sandra,Barnett
2141,Dylan,Lynn
2142,Drew,Lawrence
2143,Makenna,Novak
2144,Nyla,Buckley
2145,Remington,Strickland
2146,Jessie,Gillespie
2147,Teagan,Boyer
2148,Aydin,Durham
2149,Jazlynn,Berger
2150,Hailey,Ponce
2151,Odin,Knox
2152,Hana,Day
2153,Aileen,Stanley
2154,Kaeden,Dodson
2155,Misael,Hull
2156,Lydia,Valenzuela
2157,Hudson,Salinas
2158,Emery,Bradley
2159,Axel,Browning
2160,Sammy,Larsen
2161,Princess,Garcia
2162,Lewis,Dudley
2163,Karla,Chung
2164,Lorenzo,Lara
2165,Helen,Holmes
2166,Jamarion,Bartlett
2167,Caroline,Solis
2168,Noemi,Macias
2169,Ernesto,Clarke
2170,Brycen,Howard
2171,Landon,Sawyer
2172,Arthur,Barr
2173,Dylan,Bernard
2174,Angelique,Callahan
2175,Moises,Barrera
2176,Brice,Dawson
2177,Savannah,Cross
2178,Landon,Jefferson
2179,Alexia,Wilcox
2180,Ryder,Morrow
2181,Terrance,Brock
2182,Rudy,Larson
2183,Cloe,Clay
2184,Chloe,Ward
2185,Aileen,Mccall
2186,Kole,Boyd
2187,Gauge,Walsh
2188,Yahir,Klein
2189,Alexus,Camacho
2190,Enzo,Beck
2191,Gavyn,Quinn
2192,Abril,Mora
2193,Talon,Franco
2194,Maia,Foley
2195,Jovani,Stein
2196,Jairo,Butler
2197,Lucy,Hampton
2198,Sadie,Kline
2199,Augustus,Pham
2200,Andrea,Silva
2201,Deandre,Warner
2202,Michelle,Velez
2203,Isabella,Dixon
2204,Alisha,Roach
2205,Ali,Bishop
2206,Garrett,Schroeder
2207,Keaton,Braun
2208,Alexis,Gonzalez
2209,Darwin,Potts
2210,Aiden,Mooney
2211,Avah,Lamb
2212,Dylan,Riddle
2213,Josiah,Blair
2214,Mckayla,Oconnor
2215,Kassidy,Craig
2216,King,Michael
2217,Ava,Brandt
2218,Sanai,Perkins
2219,Abbie,Johnson
2220,Mariana,Dodson
2221,Fletcher,Sparks
2222,Beckett,Levy
2223,Stephanie,Lin
2224,Kasen,Andrade
2225,Frank,Robinson
2226,Taniya,Pham
2227,Abbie,Mueller
2228,Frances,Espinoza
2229,Julien,Valencia
2230,Fabian,Browning
2231,Krish,Leon
2232,Amaris,Cannon
2233,Douglas,Mckee
2234,Billy,Ponce
2235,Hazel,Duran
2236,Ashly,Acosta
2237,Patricia,Collins
2238,Cassidy,Rasmussen
2239,Angela,Perkins
2240,Tyrese,Wolf
2241,Jaxson,Jensen
2242,Maxim,Buckley
2243,Lance,Werner
2244,Tyler,Booker
2245,Maren,Ballard
2246,Talan,Mckenzie
2247,Mylee,Grant
2248,Skylar,Jones
2249,Deanna,Lyons
2250,Alexus,Pena
2251,Karma,Castillo
2252,Evangeline,Cooper
2253,Dayami,Middleton
2254,Luciana,Bray
2255,Tianna,Browning
2256,Shamar,Mcdonald
2257,Jovanny,Mcmahon
2258,Bryanna,Booker
2259,Cassius,Erickson
2260,Steven,Graham
2261,Trystan,Castro
2262,Andres,Jackson
2263,Trevor,Fuller
2264,Branden,Rasmussen
2265,Maddison,Collins
2266,Nikolas,Kemp
2267,Abram,Avila
2268,Olivia,Villarreal
2269,Kyleigh,Rodgers
2270,Brayden,Bowers
2271,Hassan,Garza
2272,Sydney,Barnett
2273,Ibrahim,Mckay
2274,Vincent,Dean
2275,Gunner,Lowe
2276,Kaitlynn,Foley
2277,Janelle,Palmer
2278,Miley,Mcconnell
2279,Davin,Bates
2280,Rayan,Velazquez
2281,Hadassah,Logan
2282,Delaney,Townsend
2283,Juliet,Holden
2284,Delilah,Hansen
2285,Wade,Buchanan
2286,Chaz,Williamson
2287,Kelvin,Hobbs
2288,Malakai,Aguirre
2289,Luciana,Hudson
2290,Jamal,Forbes
2291,Chaz,Hall
2292,Amaris,Dougherty
2293,Cristina,Cohen
2294,Priscilla,Prince
2295,Patricia,Crosby
2296,Melissa,Murray
2297,Sarahi,Ramirez
2298,Valentina,Wells
2299,Brenna,Ross
2300,John,Oneill
2301,Bridget,Wiley
2302,Myah,Odonnell
2303,Kyan,Cherry
2304,Karson,Salinas
2305,Molly,Duran
2306,Mariana,Roberts
2307,Elsie,Bishop
2308,Fiona,Bright
2309,Skye,Gross
2310,Lydia,Cochran
2311,Emmalee,Becker
2312,Sophie,Osborne
2313,Caleb,Ware
2314,Nash,Steele
2315,Jaylin,Charles
2316,Asher,Knox
2317,Quintin,Dean
2318,Jensen,Warner
2319,Peter,Perkins
2320,Tomas,Hunt
2321,Brock,Yang
2322,Brent,Griffin
2323,Journey,Frederick
2324,Clarence,Shah
2325,Sharon,Irwin
2326,Sophie,Bean
2327,Regina,Hull
2328,Reese,Schwartz
2329,Kailey,Lozano
2330,Alonzo,Howe
2331,Ruth,Chambers
2332,Haley,Guerrero
2333,Jadiel,Arroyo
2334,Katherine,Butler
2335,Mary,Roach
2336,Brycen,Brooks
2337,Frank,Winters
2338,Guillermo,Solis
2339,Ronin,Sosa
2340,Waylon,Gillespie
2341,Phillip,Lam
2342,Elian,Welch
2343,Paula,Wolf
2344,Camryn,Meyer
2345,Tori,Travis
2346,Jesse,Santana
2347,Danielle,Jackson
2348,Braden,Fleming
2349,Mercedes,Cardenas
2350,Kale,Richard
2351,Reed,Munoz
2352,Cara,Coleman
2353,Frankie,Vaughan
2354,Theodore,Villa
2355,Joel,Carlson
2356,Blaze,Reeves
2357,Maren,Ramos
2358,Trevon,Burnett
2359,Darius,Massey
2360,Shyanne,Dickson
2361,Shiloh,Riggs
2362,Sonny,Duke
2363,Amanda,Harrison
2364,Emmanuel,Cobb
2365,Arnav,Reese
2366,Justice,Mccormick
2367,Skye,Fields
2368,Daniel,Roberts
2369,Jimena,Cameron
2370,Kelly,Rice
2371,Kaitlyn,Collins
2372,Talan,Thornton
2373,Rylee,Lindsey
2374,Miracle,Key
2375,Amelia,Oliver
2376,Clay,Houston
2377,Giuliana,Rollins
2378,Peter,Turner
2379,Izaiah,Ibarra
2380,Jovani,Beasley
2381,Jeremiah,Cardenas
2382,Jaden,Paul
2383,Wade,Newman
2384,Nia,Osborne
2385,Drake,Lawson
2386,Kaliyah,Rodriguez
2387,Joselyn,Hopkins
2388,Megan,Franklin
2389,Akira,Aguilar
2390,Anton,Washington
2391,Katie,Madden
2392,Jamiya,Garrison
2393,Ezequiel,Malone
2394,Yamilet,Li
2395,Corbin,Andrews
2396,Kenneth,Cameron
2397,Aliyah,Sweeney
2398,Kristina,Lawrence
2399,Fernanda,Porter
2400,Justin,Trevino
2401,Stella,Hunter
2402,Caitlin,Pena
2403,Chaim,Huang
2404,Brent,Steele
2405,Brisa,Carlson
2406,Giovanny,Villarreal
2407,Sidney,Webb
2408,Jeramiah,Sellers
2409,Brayan,Jackson
2410,Jonathan,Horton
2411,Lailah,Proctor
2412,Bronson,Austin
2413,Lewis,Richard
2414,Javion,Saunders
2415,Rachel,Avila
2416,Brennen,Nixon
2417,Thalia,Chambers
2418,Braylon,Waller
2419,Brenden,Lucas
2420,Rogelio,Mckee
2421,Karissa,Shelton
2422,Halle,Ortiz
2423,Adolfo,Haney
2424,Karli,Ramsey
2425,Rishi,Lloyd
2426,Octavio,Peters
2427,Yasmin,Beasley
2428,Noel,Hobbs
2429,Isabel,Richards
2430,Ariella,Waters
2431,Alejandro,Oneal
2432,Mariyah,Espinoza
2433,Shyanne,Sanchez
2434,Adan,Sampson
2435,Hope,Haynes
2436,Amani,Montoya
2437,Kai,Kent
2438,Jordyn,Bowen
2439,Terrell,Nolan
2440,Kaiya,Vance
2441,Katie,Davidson
2442,Ashton,Hays
2443,Violet,Rosales
2444,Jayla,Gill
2445,Jared,Norman
2446,Terrell,Medina
2447,Finnegan,Copeland
2448,Aditya,Sexton
2449,Alex,Guerra
2450,Brooks,Flowers
2451,Joyce,Cooke
2452,Beatrice,Giles
2453,Santino,Barajas
2454,Amara,Franco
2455,Londyn,Moses
2456,Stephanie,Gaines
2457,Angelo,Roman
2458,Naomi,Petersen
2459,Cynthia,Cordova
2460,Yareli,Gonzales
2461,Damion,Serrano
2462,Ivan,Dickerson
2463,Ibrahim,Cowan
2464,Lauryn,Conley
2465,Darian,Graves
2466,Pablo,Lawrence
2467,Carleigh,Johnston
2468,Elias,Moreno
2469,Yamilet,Riddle
2470,Skylar,Green
2471,Shyanne,Ferrell
2472,Elijah,Mcmahon
2473,Aubree,Moreno
2474,Thomas,Gallagher
2475,Trace,Durham
2476,Aisha,Martinez
2477,William,Bond
2478,Jacey,Norman
2479,Casey,Hunt
2480,Dayami,Knapp
2481,Autumn,Avila
2482,Rogelio,Avery
2483,Raiden,Cook
2484,Donald,Shields
2485,Trace,Sims
2486,Madyson,Freeman
2487,Axel,Mcbride
2488,Jay,Gilmore
2489,Edith,Alvarez
2490,Susan,Strong
2491,Zion,Silva
2492,Enzo,Hahn
2493,Dillon,Friedman
2494,Briana,Webb
2495,Evangeline,Hardy
2496,Brady,Larsen
2497,Ashlyn,Cole
2498,Libby,Avery
2499,Anahi,Barr
2500,Brenden,Randall
2501,Braedon,Kelley
2502,Kayden,Gamble
2503,Madelynn,Irwin
2504,Ashlynn,Hinton
2505,Abigail,Hebert
2506,Francisco,Cantrell
2507,Alivia,Noble
2508,Miah,Holder
2509,Cindy,Potts
2510,Antwan,Hood
2511,Carissa,Mcmillan
2512,Heather,Santana
2513,Ricardo,Mathews
2514,Malakai,Curry
2515,Wade,Maddox
2516,Jaylene,Evans
2517,Irvin,Shepherd
2518,Zion,Stokes
2519,Renee,Mason
2520,Atticus,Norman
2521,Cael,Brennan
2522,Hannah,Mooney
2523,Nickolas,Valenzuela
2524,Payton,Esparza
2525,Ernest,Carroll
2526,Leonard,Mora
2527,Andreas,Potts
2528,Aliza,Schmitt
2529,Jaylan,Mcclain
2530,Desirae,Hatfield
2531,Landin,Peters
2532,Paige,Stanton
2533,Tanner,Coleman
2534,Laylah,Ortiz
2535,Rylee,Hoffman
2536,Taylor,Mclaughlin
2537,Mikaela,Mcbride
2538,Leyla,Medina
2539,Jordyn,Kirby
2540,Kaleigh,Powell
2541,Ari,Mcneil
2542,Jadiel,Stevenson
2543,Kenya,Holloway
2544,Edwin,Porter
2545,Rowan,Cooley
2546,Kaitlyn,Kirk
2547,Gabriella,Choi
2548,Cohen,Barr
2549,Quinten,Cochran
2550,Bridger,Horton
2551,Kole,Dennis
2552,Adrianna,Wiggins
2553,Timothy,Peck
2554,Ezra,Wood
2555,Amir,Sweeney
2556,Bridget,Guerrero
2557,Aedan,Sutton
2558,Demarcus,Bradshaw
2559,Erin,Mejia
2560,Cameron,Braun
2561,Beatrice,Dickson
2562,Addisyn,Chase
2563,Lyric,Torres
2564,Janiah,Baxter
2565,Colten,Ochoa
2566,Sean,Orozco
2567,Norah,Washington
2568,Darius,Calhoun
2569,Amy,Foley
2570,Vanessa,Contreras
2571,Ashlee,Acevedo
2572,Angie,Aguilar
2573,Lizbeth,Blackburn
2574,Jett,Coffey
2575,Charlie,Chase
2576,Gisselle,Garza
2577,Edgar,Woods
2578,Braylon,Kim
2579,Remington,Moran
2580,Averi,Zavala
2581,Harley,Gibbs
2582,Octavio,Shaw
2583,Augustus,Tyler
2584,Vincent,Petty
2585,Eliezer,Aguirre
2586,Donte,Arnold
2587,Luciano,Bray
2588,Georgia,Pugh
2589,Margaret,Mejia
2590,Dalton,Hines
2591,Luca,Mcgrath
2592,Joanna,Allen
2593,Mila,Herring
2594,Casey,Ramos
2595,Elisa,Wheeler
2596,Brycen,Pineda
2597,Kinsley,Skinner
2598,Juan,Floyd
2599,Cristina,Bush
2600,Damari,Edwards
2601,Axel,Caldwell
2602,Lacey,Sparks
2603,Adonis,Ryan
2604,Noah,Roberts
2605,Brice,Good
2606,Bryson,Solomon
2607,Sonia,Christensen
2608,Paisley,Torres
2609,Antonio,Miranda
2610,Cara,Brady
2611,Jaylynn,Powell
2612,Sidney,Simpson
2613,Boston,Small
2614,Harley,Johnson
2615,Abigayle,Wagner
2616,Easton,Mann
2617,Kenyon,Waller
2618,Molly,Hurley
2619,Jameson,Costa
2620,Elise,Maldonado
2621,Marin,Fitzpatrick
2622,Azul,Krueger
2623,Mateo,Morgan
2624,Ciara,Bass
2625,Jaslyn,Gill
2626,Landin,Hood
2627,Edith,Glass
2628,Omar,Rodgers
2629,Ari,Robertson
2630,Emmy,Kemp
2631,Luke,Day
2632,Declan,Farrell
2633,Marina,Raymond
2634,Coleman,Hoffman
2635,Jacob,Leach
2636,Ezequiel,Oconnor
2637,Myles,Molina
2638,Sullivan,Mosley
2639,Elliana,Hahn
2640,Hayley,Huffman
2641,Myla,Kelly
2642,Heidi,Hunt
2643,Caylee,Joseph
2644,Lizeth,Harrison
2645,Katrina,Villegas
2646,Brynn,Pace
2647,Emmett,Colon
2648,Dalia,Aguilar
2649,Camron,Stuart
2650,Desirae,Estrada
2651,Zack,Garza
2652,Helen,Torres
2653,Yaretzi,Lowery
2654,Reese,Lawson
2655,Daniel,Bell
2656,Zack,Powers
2657,Isaiah,Bowen
2658,Ashlyn,Salazar
2659,Reagan,Rivers
2660,Marely,Avila
2661,Lana,Lane
2662,Mollie,Henson
2663,Anabel,Valencia
2664,Diamond,Werner
2665,Yaretzi,Parks
2666,Ernesto,Conley
2667,Stephen,Tapia
2668,Phoebe,Kennedy
2669,Carina,Bishop
2670,Ruth,Mayer
2671,Markus,Norris
2672,Elsie,Sparks
2673,Kailee,Cox
2674,Brandon,Young
2675,Ellie,Collier
2676,Lindsey,Logan
2677,Miracle,Mcdaniel
2678,Fisher,Golden
2679,Savanna,Dodson
2680,Jordan,Quinn
2681,Jakobe,Stevenson
2682,Ramiro,Jimenez
2683,Jazmyn,Burton
2684,Mariah,Pham
2685,Dustin,Petersen
2686,Malia,Mosley
2687,Brayden,Hatfield
2688,Azaria,Holder
2689,Mayra,Flores
2690,Gavyn,Peterson
2691,Lea,Pittman
2692,Eli,Randolph
2693,Ashton,Ruiz
2694,Luka,Orr
2695,Sienna,Gillespie
2696,Tobias,Shea
2697,Keenan,Petty
2698,Alexzander,Strong
2699,Lucille,Valencia
2700,Hezekiah,Lucero
2701,Desmond,Cummings
2702,Valery,Fernandez
2703,Jan,Rowe
2704,Esperanza,Munoz
2705,Kieran,Aguilar
2706,Fernanda,Palmer
2707,Myah,Howell
2708,Abram,Nicholson
2709,Fatima,Andrews
2710,Lamont,Vaughn
2711,Ariella,Conley
2712,Tabitha,Bowen
2713,Oliver,Turner
2714,Clay,Fritz
2715,Draven,Lindsey
2716,Stephanie,Vance
2717,Zander,Curtis
2718,Anton,Montgomery
2719,Jeramiah,Horne
2720,Ali,Mooney
2721,Angelica,Rios
2722,Makai,Cisneros
2723,Marina,Pruitt
2724,Jair,Vaughn
2725,Caroline,Mckinney
2726,Keira,Hawkins
2727,Julia,Duarte
2728,Blaze,Cooper
2729,Colten,Owen
2730,Magdalena,Salazar
2731,Shyann,Espinoza
2732,Alex,Shea
2733,Valentino,Simpson
2734,Ernest,Compton
2735,Kamari,Kent
2736,Damian,Ellis
2737,Spencer,Palmer
2738,Arabella,Guerra
2739,Kailey,Jones
2740,Steven,Wang
2741,Malik,Hamilton
2742,Cristofer,King
2743,Julian,Barrera
2744,Daphne,Leblanc
2745,Isabelle,Valdez
2746,Angel,Patrick
2747,Brice,Hale
2748,Eileen,Perkins
2749,Jolie,Rasmussen
2750,Raul,Ball
2751,Claire,Sherman
2752,Jake,Rosales
2753,Jose,Dickson
2754,Deangelo,Whitaker
2755,Lizeth,Bowen
2756,Amirah,Morales
2757,Diana,Hampton
2758,Macie,Diaz
2759,Keagan,Whitaker
2760,Noel,Davidson
2761,Adan,Hinton
2762,Abigayle,Lambert
2763,Cecilia,Combs
2764,Kylan,Roberts
2765,Cynthia,Davila
2766,Nasir,Rasmussen
2767,Glenn,Manning
2768,Ulises,Mason
2769,Kimberly,Meadows
2770,Katrina,Mcpherson
2771,Larissa,Cline
2772,Landin,Chen
2773,Jace,Madden
2774,Paxton,Smith
2775,Colin,Mckay
2776,Marcos,Glover
2777,Zaire,Carlson
2778,Jon,Meyer
2779,Zariah,Sandoval
2780,Kenzie,Casey
2781,Sean,Velasquez
2782,Nylah,Walker
2783,Kelvin,Lawrence
2784,Karly,Mathews
2785,Koen,Blackburn
2786,Rylan,Benitez
2787,Quinn,Wilkerson
2788,Aditya,Haley
2789,Delaney,Bell
2790,Emerson,Khan
2791,Darnell,Arnold
2792,Derick,Ochoa
2793,Jimena,Ramsey
2794,Brooklyn,Barron
2795,Janiya,Salinas
2796,Landyn,Sellers
2797,Alfonso,Chambers
2798,Allisson,Proctor
2799,Simone,Stewart
2800,Gage,Snow
2801,Zaiden,Donovan
2802,Shyanne,Hanna
2803,Layne,Montgomery
2804,Felicity,Nguyen
2805,Stella,Church
2806,Riley,Hinton
2807,Cole,Johnson
2808,Dana,Moss
2809,Alijah,Gay
2810,Kristian,Mcintyre
2811,Danny,Villegas
2812,Valery,Swanson
2813,Jefferson,Gallagher
2814,Derek,Sparks
2815,Thalia,Hays
2816,Darien,Montes
2817,Jayleen,Chung
2818,Sidney,Humphrey
2819,Kiana,Mcgee
2820,Gillian,Buckley
2821,Gracie,Perry
2822,Susan,Ramsey
2823,Kara,Saunders
2824,Jarrett,Clark
2825,Brogan,Knight
2826,Mariana,Sawyer
2827,Marcos,Shaw
2828,Deon,Wilson
2829,Reid,Murillo
2830,Shayla,Gibbs
2831,Lisa,Frederick
2832,Kaleigh,Little
2833,Giovanna,Arias
2834,Esther,Robles
2835,Danika,Foley
2836,Hannah,Valencia
2837,Bradyn,Krueger
2838,Kenny,Browning
2839,Brenton,Price
2840,Jovanny,Becker
2841,Sydnee,Sutton
2842,Elian,Woodard
2843,Haylie,Shah
2844,Jada,Estes
2845,Jamiya,Taylor
2846,Daniella,Mccarthy
2847,Holly,Shepherd
2848,Josue,Mooney
2849,David,Horn
2850,Shelby,Blair
2851,Eugene,Williamson
2852,Madyson,Ayala
2853,Viviana,Frye
2854,Ulises,Gonzales
2855,Kian,Bowen
2856,Jared,Lindsey
2857,Donavan,Saunders
2858,Melvin,Melendez
2859,Charlee,Carpenter
2860,Braylon,Lawrence
2861,Karly,Hancock
2862,Quincy,Walter
2863,Valentino,Lynch
2864,Destiney,Peck
2865,April,Carr
2866,Sheldon,Sexton
2867,Jayson,Gates
2868,Amara,Lane
2869,Geovanni,Cross
2870,Kameron,Duffy
2871,Alannah,Ruiz
2872,Ashleigh,House
2873,Junior,Woods
2874,Anderson,Schultz
2875,Jett,Ortiz
2876,Miracle,Blanchard
2877,Elizabeth,Juarez
2878,Dylan,Barber
2879,Maliyah,Townsend
2880,Brogan,Sharp
2881,Cassidy,Marsh
2882,Amiya,Harmon
2883,Nola,Costa
2884,Reid,Davis
2885,Luciana,Oliver
2886,John,Randall
2887,Gilberto,Snyder
2888,Mohammad,Chambers
2889,Naima,Petty
2890,Maverick,Jordan
2891,Quintin,Craig
2892,Jonathan,Diaz
2893,Evelyn,Hoffman
2894,Garrett,Howard
2895,Gabriella,Petersen
2896,Kamari,Horn
2897,Makaila,Moreno
2898,Giovani,Kemp
2899,Jose,Summers
2900,Brisa,Short
2901,Dane,Barron
2902,Devan,Zimmerman
2903,Dante,Brady
2904,Trey,Ware
2905,Nataly,Schmitt
2906,Helena,Gardner
2907,Casey,Ray
2908,Mckayla,Meza
2909,Chasity,Mcbride
2910,Terrell,Frazier
2911,Bridger,Long
2912,Sienna,Frank
2913,Karla,Morales
2914,Jaelynn,Giles
2915,Jaiden,Knox
2916,Devon,Ellison
2917,Collin,Villegas
2918,Enzo,Stanton
2919,Genesis,Cantrell
2920,Jorden,Allen
2921,Ariel,Kirk
2922,Ace,Woodward
2923,Alison,Oneill
2924,Jessie,White
2925,Makaila,King
2926,Trent,Buck
2927,Avery,Sweeney
2928,Adalyn,Delgado
2929,Ashleigh,Becker
2930,Simone,Mcintyre
2931,Nathanael,Booker
2932,Amiah,Romero
2933,Tristian,Dickerson
2934,Sophia,Mckenzie
2935,Kailee,Ellison
2936,Franklin,Norman
2937,Fiona,Guerra
2938,Brendon,Olson
2939,Matias,Carey
2940,Veronica,Kline
2941,Kaylen,Hurst
2942,Leslie,Savage
2943,Kailee,Olsen
2944,Carlee,Gould
2945,Ashley,Horne
2946,Jaydon,Cantrell
2947,Kristopher,Forbes
2948,Reid,Frazier
2949,Heaven,Burgess
2950,Kennedy,Davenport
2951,Arturo,Aguilar
2952,Amanda,Gamble
2953,Lyla,Welch
2954,Jessica,Rice
2955,Sherlyn,Garcia
2956,Saniya,Orozco
2957,Coleman,Kaufman
2958,Ruby,Brown
2959,Katelyn,Ford
2960,Marlie,Lloyd
2961,Skyla,Cross
2962,Cyrus,Cobb
2963,Violet,Chaney
2964,Damarion,Yoder
2965,Brynn,Barrera
2966,Luciana,Patterson
2967,Aliza,Lynn
2968,Yahir,Schultz
2969,Ali,Shepherd
2970,Emerson,Baxter
2971,Lila,Hale
2972,Carlie,Yoder
2973,Daniella,Cole
2974,Lindsey,Dalton
2975,Tania,Wyatt
2976,Alexis,Hamilton
2977,Theodore,Hurley
2978,Zaniyah,Farmer
2979,Kenyon,Rose
2980,Taylor,Faulkner
2981,Damari,Lawson
2982,Niko,Ayers
2983,Sage,Huerta
2984,Aisha,Strong
2985,Bryce,Ruiz
2986,Cheyenne,Lee
2987,Ashley,Walsh
2988,Malcolm,Nielsen
2989,Maia,Michael
2990,Dominic,Patel
2991,Dennis,Mcmahon
2992,Glenn,Schwartz
2993,Kaydence,Buckley
2994,Carlos,Cox
2995,Lawrence,Martin
2996,Draven,Arellano
2997,Payton,Browning
2998,Sheldon,Meyers
2999,Francis,Wood
3000,Jakob,Porter
3001,Damion,Stanton
3002,Giada,Bryan